<keymap version="1" name="TTKey" parent="$default">
  <action id="$EditorTranslateAction">
    <keyboard-shortcut first-keystroke="ctrl alt t" />
  </action>
  <action id="$Paste">
    <keyboard-shortcut first-keystroke="shift insert" />
  </action>
  <action id="ActivateAndroidProfilerToolWindow">
    <keyboard-shortcut first-keystroke="alt p" />
  </action>
  <action id="ActivateBuildToolWindow">
    <keyboard-shortcut first-keystroke="alt b" />
  </action>
  <action id="ActivateDebugToolWindow">
    <keyboard-shortcut first-keystroke="alt d" />
  </action>
  <action id="ActivateLogcatToolWindow">
    <keyboard-shortcut first-keystroke="alt l" />
  </action>
  <action id="ActivatePreviewToolWindow">
    <keyboard-shortcut first-keystroke="ctrl alt p" />
  </action>
  <action id="ActivateProjectToolWindow" />
  <action id="ActivateRunToolWindow">
    <keyboard-shortcut first-keystroke="alt r" />
  </action>
  <action id="ActivateTODOToolWindow" />
  <action id="ActivateTerminalToolWindow">
    <keyboard-shortcut first-keystroke="alt t" />
  </action>
  <action id="ActivateVersionControlToolWindow">
    <keyboard-shortcut first-keystroke="alt v" />
  </action>
  <action id="Android.SyncProject">
    <keyboard-shortcut first-keystroke="ctrl alt g" />
  </action>
  <action id="AndroidConnectDebuggerAction">
    <keyboard-shortcut first-keystroke="ctrl alt a" />
  </action>
  <action id="Arrangement.Alias.Rule.Edit" />
  <action id="Arrangement.Rule.Edit" />
  <action id="AutoIndentLines">
    <keyboard-shortcut first-keystroke="ctrl alt i" />
    <keyboard-shortcut first-keystroke="ctrl alt f" />
  </action>
  <action id="CIDR.Lang.IntroduceDefine" />
  <action id="CIDR.Lang.IntroduceParameter" />
  <action id="CallHierarchy">
    <keyboard-shortcut first-keystroke="alt h" />
  </action>
  <action id="ChangeSignature" />
  <action id="ChangeSplitOrientation">
    <keyboard-shortcut first-keystroke="shift ctrl alt c" />
  </action>
  <action id="ChangeTypeSignature" />
  <action id="ChangesView.AddUnversioned" />
  <action id="ChooseDebugConfiguration" />
  <action id="ChooseRunConfiguration">
    <keyboard-shortcut first-keystroke="shift alt f10" />
    <keyboard-shortcut first-keystroke="ctrl alt r" />
  </action>
  <action id="CleanGradleProject">
    <keyboard-shortcut first-keystroke="ctrl alt c" />
  </action>
  <action id="CloseContent">
    <keyboard-shortcut first-keystroke="alt w" />
    <keyboard-shortcut first-keystroke="alt f5" />
  </action>
  <action id="CollapseAll">
    <keyboard-shortcut first-keystroke="ctrl subtract" />
  </action>
  <action id="CollapseAllRegions">
    <keyboard-shortcut first-keystroke="shift ctrl subtract" />
  </action>
  <action id="CollapseExpandableComponent">
    <keyboard-shortcut first-keystroke="shift enter" />
    <keyboard-shortcut first-keystroke="ctrl subtract" />
  </action>
  <action id="CollapseRegion">
    <keyboard-shortcut first-keystroke="ctrl subtract" />
  </action>
  <action id="CollapseSelection" />
  <action id="CommentByBlockComment">
    <keyboard-shortcut first-keystroke="shift ctrl slash" />
    <keyboard-shortcut first-keystroke="shift ctrl back_space" />
  </action>
  <action id="CommentByLineComment">
    <keyboard-shortcut first-keystroke="ctrl slash" />
    <keyboard-shortcut first-keystroke="ctrl back_space" />
  </action>
  <action id="ConvertJavaToKotlin" />
  <action id="CopyElement" />
  <action id="CopyReference" />
  <action id="Debug">
    <keyboard-shortcut first-keystroke="ctrl alt d" />
  </action>
  <action id="Debugger.EditArrayFilter" />
  <action id="Debugger.EditCustomField" />
  <action id="EditBreakpoint" />
  <action id="EditSource" />
  <action id="Editor EditorTranslateAction">
    <keyboard-shortcut first-keystroke="ctrl alt t" />
  </action>
  <action id="EditorChooseLookupItemDot" />
  <action id="EditorDecreaseFontSize">
    <keyboard-shortcut first-keystroke="ctrl minus" />
    <keyboard-shortcut first-keystroke="shift ctrl alt j" />
  </action>
  <action id="EditorDeleteToWordStart" />
  <action id="EditorIncreaseFontSize">
    <keyboard-shortcut first-keystroke="shift ctrl alt k" />
  </action>
  <action id="EditorPasteFromX11" />
  <action id="EditorPasteSimple">
    <keyboard-shortcut first-keystroke="ctrl v" />
  </action>
  <action id="EditorScrollToCenter" />
  <action id="EditorToggleCase">
    <keyboard-shortcut first-keystroke="ctrl u" />
  </action>
  <action id="EvaluateExpression">
    <keyboard-shortcut first-keystroke="shift ctrl 3" />
  </action>
  <action id="ExpandAll">
    <keyboard-shortcut first-keystroke="alt a" />
  </action>
  <action id="ExpandExpandableComponent">
    <keyboard-shortcut first-keystroke="shift enter" />
    <keyboard-shortcut first-keystroke="ctrl add" />
  </action>
  <action id="ExpandRegion">
    <keyboard-shortcut first-keystroke="ctrl add" />
  </action>
  <action id="ExternalSystem.CollapseAll">
    <keyboard-shortcut first-keystroke="ctrl subtract" />
  </action>
  <action id="ExtractFunction" />
  <action id="ExtractFunctionToScope" />
  <action id="ExtractMethod">
    <keyboard-shortcut first-keystroke="ctrl m" />
  </action>
  <action id="FileChooser.NewFolder">
    <keyboard-shortcut first-keystroke="alt insert" />
  </action>
  <action id="FileChooser.TogglePathShowing" />
  <action id="FindNext" />
  <action id="FindUsages">
    <keyboard-shortcut first-keystroke="alt u" />
  </action>
  <action id="ForceRunToCursor" />
  <action id="Git.Commit.And.Push.Executor" />
  <action id="Git.Reword.Commit">
    <keyboard-shortcut first-keystroke="shift f6" />
  </action>
  <action id="GoogleTranslation">
    <keyboard-shortcut first-keystroke="ctrl alt t" />
  </action>
  <action id="GotoChangedFile" />
  <action id="GotoClass" />
  <action id="GotoFile">
    <keyboard-shortcut first-keystroke="alt n" />
  </action>
  <action id="GotoImplementation">
    <mouse-shortcut keystroke="control alt button1" />
    <keyboard-shortcut first-keystroke="ctrl i" />
  </action>
  <action id="GotoNextError" />
  <action id="GotoSuperMethod" />
  <action id="GotoTest" />
  <action id="Hg.Commit.And.Push.Executor" />
  <action id="HideAllWindows">
    <keyboard-shortcut first-keystroke="alt e" />
  </action>
  <action id="Images.Editor.ToggleGrid" />
  <action id="Images.Editor.ZoomOut">
    <keyboard-shortcut first-keystroke="ctrl subtract" />
  </action>
  <action id="Images.ShowThumbnails" />
  <action id="ImplementMethods" />
  <action id="Inline" />
  <action id="IntroduceConstant" />
  <action id="IntroduceField">
    <keyboard-shortcut first-keystroke="shift ctrl alt f" />
  </action>
  <action id="IntroduceFunctionalParameter" />
  <action id="IntroduceParameter" />
  <action id="IntroduceProperty">
    <keyboard-shortcut first-keystroke="shift ctrl alt p" />
  </action>
  <action id="IntroduceVariable">
    <keyboard-shortcut first-keystroke="ctrl p" />
  </action>
  <action id="JumpToLastChange">
    <keyboard-shortcut first-keystroke="ctrl alt down" />
  </action>
  <action id="JumpToNextChange">
    <keyboard-shortcut first-keystroke="ctrl alt up" />
  </action>
  <action id="MainMenu">
    <keyboard-shortcut first-keystroke="alt f" />
  </action>
  <action id="MaximizeToolWindow" />
  <action id="Move" />
  <action id="MoveEditorToOppositeTabGroup">
    <keyboard-shortcut first-keystroke="shift ctrl alt m" />
  </action>
  <action id="MoveElementLeft" />
  <action id="MoveElementRight" />
  <action id="MoveTabDown">
    <keyboard-shortcut first-keystroke="shift ctrl alt d" />
  </action>
  <action id="MoveTabRight">
    <keyboard-shortcut first-keystroke="shift ctrl alt r" />
  </action>
  <action id="Mvc.RunTarget" />
  <action id="NewElementInMenuGroup">
    <keyboard-shortcut first-keystroke="ctrl n" />
  </action>
  <action id="NextOccurence" />
  <action id="NextSplitter">
    <keyboard-shortcut first-keystroke="shift ctrl alt right" />
  </action>
  <action id="ParameterInfo" />
  <action id="PopupHector" />
  <action id="PrevSplitter">
    <keyboard-shortcut first-keystroke="shift ctrl alt left" />
  </action>
  <action id="PreviousOccurence" />
  <action id="QuickActionPopup" />
  <action id="RebuildGradleProject">
    <keyboard-shortcut first-keystroke="ctrl alt b" />
  </action>
  <action id="Refactorings.QuickListPopupAction">
    <keyboard-shortcut first-keystroke="ctrl t" />
  </action>
  <action id="ReformatCode">
    <keyboard-shortcut first-keystroke="ctrl alt f" />
  </action>
  <action id="RenameElement">
    <keyboard-shortcut first-keystroke="ctrl alt n" />
  </action>
  <action id="Replace" />
  <action id="Resume">
    <keyboard-shortcut first-keystroke="shift ctrl minus" />
  </action>
  <action id="Run" />
  <action id="RunDashboard.ShowConfigurations" />
  <action id="RunToCursor">
    <keyboard-shortcut first-keystroke="shift ctrl 4" />
  </action>
  <action id="SafeDelete" />
  <action id="ScrollTreeToCenter" />
  <action id="SelectAllOccurrences" />
  <action id="SelectInProjectView">
    <keyboard-shortcut first-keystroke="alt s" />
  </action>
  <action id="ShelvedChanges.Rename" />
  <action id="ShowProjectStructureSettings" />
  <action id="SmartStepInto">
    <keyboard-shortcut first-keystroke="ctrl period" />
  </action>
  <action id="SplitHorizontally">
    <keyboard-shortcut first-keystroke="shift ctrl alt h" />
  </action>
  <action id="SplitVertically">
    <keyboard-shortcut first-keystroke="shift ctrl alt v" />
  </action>
  <action id="SqliteEditor.Actions.NextPage" />
  <action id="SqliteEditor.Actions.PreviousPage" />
  <action id="StepInto">
    <keyboard-shortcut first-keystroke="shift ctrl quote" />
  </action>
  <action id="StepOut">
    <keyboard-shortcut first-keystroke="ctrl semicolon" />
  </action>
  <action id="StepOver">
    <keyboard-shortcut first-keystroke="ctrl quote" />
  </action>
  <action id="Stop">
    <keyboard-shortcut first-keystroke="ctrl alt k" />
  </action>
  <action id="SurroundWith" />
  <action id="ToggleBookmark2" />
  <action id="ToggleBookmark3" />
  <action id="ToggleBookmark4" />
  <action id="ToggleLineBreakpoint">
    <keyboard-shortcut first-keystroke="f6" />
  </action>
  <action id="TogglePowerSave">
    <keyboard-shortcut first-keystroke="ctrl alt m" />
  </action>
  <action id="ToggleTemporaryLineBreakpoint" />
  <action id="Unsplit">
    <keyboard-shortcut first-keystroke="shift ctrl alt u" />
  </action>
  <action id="Vcs.EditSource" />
  <action id="Vcs.Log.FocusTextFilter" />
  <action id="Vcs.QuickListPopupAction" />
  <action id="Vcs.ReformatCommitMessage" />
  <action id="Vcs.ShowMessageHistory">
    <keyboard-shortcut first-keystroke="ctrl e" />
  </action>
  <action id="Vcs.UpdateProject" />
  <action id="ViewBreakpoints">
    <keyboard-shortcut first-keystroke="shift ctrl 2" />
  </action>
  <action id="XDebugger.EditWatch" />
  <action id="XDebugger.JumpToSource" />
  <action id="XDebugger.SetValue" />
  <action id="de.netnexus.CamelCasePlugin.ToggleCamelCase" />
</keymap>